Workbook

Sheet Participatiewet
B2: Normen Participatiewet per | E2: 46023
B4: Art. | C4: Jongerennormen | P4: Normbedrag
B6: 20, 1, a | C6: Alleenstaande van 18, 19 of 20 jaar met of zonder tlk kind | O6: 1 | P6: 345.99
B7: 20, 1, b | C7: Echtgenoten, beide echtgenoten 18, 19 of 20 jaar, zonder tlk kind | O7: 2 | P7: 691.98
B8: 20, 1, c | C8: Echtgenoten, één echtgenoot is 18, 19 of 20 jaar, de ander is 21 jaar of ouder, zonder tlk kind | O8: 3 | P8: 1347.06
B9: 20, 2, b | C9: Echtgenoten, beide echtgenoten 18, 19 of 20 jaar, met tlk kind | O9: 4 | P9: 1092.41
B10: 20, 2, c | C10: Echtgenoten, één echtgenoot is 18, 19 of 20 jaar, de ander is 21 jaar of ouder, met tlk kind | O10: 5 | P10: 1747.49
C12: Norm 21 jarigen of ouder maar jonger dan pgl
B14: 21, a | C14: Alleenstaande of alleenstaande ouder 21 jaar of ouder en jonger dan pgl | O14: 6 | P14: 1401.5
B15: 21, b | C15: Echtgenoten, beide echtgenoten 21 jaar of ouder en jonger dan pgl | O15: 7 | P15: 2002.13
C17: Norm pensioengerechtigden
B19: 22, a | C19: Alleenstaande of alleenstaande ouder pgl of ouder | O19: 8 | P19: 1564.69
B20: 22, b | C20: Echtgenoten, beide echtgenoten pgl of ouder | O20: 9 | P20: 2144.16
B21: 22, c | C21: Echtgenoten, één echtgenoten is 21 jaar of ouder en jonger dan pgl, de ander pgl of ouder | O21: 10 | P21: 2144.16
C22: Normen kostendelers
B24: 22a, 3e | C24: Norm voor jongere partner (geen ten laste komende kinderen) | O24: 11 | P24: 345.99
B25: 22a, 3e | C25: Norm voor jongere partner (met één of meer ten laste komende kinderen) | O25: 12 | P25: 746.42
C27: Norm in inrichting | L27: (Tabel) Zorgpremie | P27: Basis
B29: 23, 1, a | C29: Alleenstaande of alleenstaande ouder | L29: 47 | P29: 443.76
B30: 23, 1, b | C30: Echtgenoten | L30: 106 | P30: 690.27

Sheet Max vBVV
B2: Maximale beslagvrije voet per | E2: =Participatiewet!E2 -> 46023
B4: De beslagvrije voet in artikel 475da, eerste lid, van het Wetboek van Burgerlijke Rechtsvordering, bedragen:
B6: a. voor een alleenstaande: | G6: 2191.42
B8: b. voor een alleenstaande ouder: | G8: 2526.69
B10: c. voor gehuwden zonder kinderen: | G10: 2881.41
B12: d. voor gehuwden met een of meer kinderen: | G12: 3155.31
B14: VOW/Buitenland (art.1cbis.2, tweede lid, URIW 1990) | G14: =0.5*G10 -> 1440.705

Sheet KWT
B2: Kwijtscheldingsnormen per | E2: =Participatiewet!E2 -> 46023
B5: Categorie | J5: 90% van norm Pw | P5: (Tabel) KWT normen | T5: KDLR | U5: Gehuwd
B7: Echtgenoten beiden jonger dan de pgl | J7: =(Participatiewet!P15*90)/100 -> 1801.917 | O7: 1 | P7: =CEILING(J7,1) -> 1802 | T7: J | U7: J
B8: Echtgenoten beiden de pgl of ouder | J8: =(Participatiewet!P20*90)/100 -> 1929.744 | O8: 2 | P8: =CEILING(J8,1) -> 1930 | T8: J | U8: J
B9: Echtgenoten, één partner heeft de pgl of is ouder, de andere is jonger dan de pgl | J9: =(Participatiewet!P21*90)/100 -> 1929.744 | O9: 3 | P9: =CEILING(J9,1) -> 1930 | T9: J | U9: J
B10: Alleenstaande (ouder) jonger dan de pgl | J10: =(Participatiewet!P14*90)/100 -> 1261.35 | O10: 4 | P10: =CEILING(J10,1) -> 1262 | T10: J | U10: N
B11: Alleenstaande (ouder) heeft de pgl of is ouder | J11: =(Participatiewet!P19*90)/100 -> 1408.221 | O11: 5 | P11: =CEILING(J11,1) -> 1409 | T11: J | U11: N
B12: Alleenstaande (ouder) inrichting | J12: =(Participatiewet!P29*2)/3 -> 295.84 | O12: 6 | P12: =CEILING(J12,1) -> 296 | T12: N | U12: N
B13: Echtgenoten beide in inrichting | J13: =(Participatiewet!P30*2)/3 -> 460.18 | O13: 7 | P13: =CEILING(J13,1) -> 461 | T13: N | U13: J

Sheet Huur
B2: Huurnormen per | C2: =Participatiewet!E2 -> 46023
E4: Norm | G4: 1 persoon | H4: 2 personen | I4: 3 of meer personen
B5: Maximale huurgrens ≥ 21 jr en gehandicapten jongeren < 21 jr | E5: 932.93
G6: 40% huurtoeslag | H6: 40% huurtoeslag voor pgl+ en gehandicapten | I6: 40% huurtoeslag voor pgl+ en gehandicapten
H7: (Geen extra huurtoeslag voor < pgl) | I7: (Geen extra huurtoeslag voor < pgl)
B8: Aftoppingsgrens hoog | E8: 764.14
B9: Aftoppingsgrens laag | E9: 713.02 | L9: (Tabel) normhuur
G10: 65% huurtoeslag | H10: 65% huurtoeslag | I10: 65% huurtoeslag | O10: Min | R10: Max
B11: Kwaliteitsgrens (max. huurgrens voor jongeren < 21 jaar) | E11: 498.2 | M11: Standaardnormhuur | O11: =FLOOR(E12,1) -> 204 | R11: =E5-E14-E13 -> 728.59
B12: Basishuur | E12: =SUM(E13:E14) -> 204.34 | G12: 100% huurtoeslag | H12: 100% huurtoeslag | I12: 100% huurtoeslag | M12: Eenpersoonsouderennormhuur | O12: =FLOOR(E16,1) -> 202 | R12: =E5-E18-E17 -> 730.41
B13: Tijdelijke wet verlaging eigen bijdrage huurtoeslag | E13: -48.15 | M13: Meerpersoonsouderennormhuur | O13: =FLOOR(E20,1) -> 200 | R13: =E5-E22-E21 -> 732.22
B14: Standaard Normhuur | E14: 252.49
B16: Basishuur éénpersoonhuishouden | E16: =SUM(E17:E18) -> 202.52
B17: Tijdelijke wet verlaging eigen bijdrage huurtoeslag | E17: -48.15 | L17: (Tabel max corr woonlasten)
B18: Normhuur éénpersoonshouden | E18: 250.67
O19: jongeren tot 21 jaar | Q19: 1 | R19: =CEILING(((E11-E14-E13)*100)/100,1) -> 294
B20: Basishuur meerpersoonshuishouden | E20: =SUM(E21:E22) -> 200.71 | O20: eenpersoonshuishouden 21 tot pensioenger. leeftijd | Q20: 2 | R20: =CEILING( (((E11-E14-E13)*100)/100) + (((E9-E11)*65)/100) +(((E5-E9)*40)/100),1) -> 522
B21: Tijdelijke wet verlaging eigen bijdrage huurtoeslag | E21: =E17 -> -48.15 | O21: eenpersoonshuishouden pensioenger. leeftijd en ouder | Q21: 3 | R21: =CEILING( (((E11-E18-E13)*100)/100) + (((E9-E11)*65)/100) +(((E5-E9)*40)/100),1) -> 524
B22: Normhuur meerpersoonshuishouden | E22: 248.86 | O22: tweepersoonshuishouden 21 tot pensioenger. leeftijd | Q22: 4 | R22: =CEILING( (((E11-E14-E13)*100)/100) + (((E9-E11)*65)/100),1) -> 434
O23: tweepersoonshuishouden 21 tot pensioenger. leeftijd of ouder en gehandic. | Q23: 5 | R23: =CEILING( (((E11-E14-E13)*100)/100) + (((E9-E11)*65)/100) +(((E5-E9)*40)/100),1) -> 522
O24: tweepersoonshuishouden pensioenger. leeftijd en ouder | Q24: 6 | R24: =CEILING( (((E11-E22-E13)*100)/100) + (((E9-E11)*65)/100) +(((E5-E9)*40)/100),1) -> 526
O25: drie of meerpersoonshuishouden 21 tot pensioenger. leeftijd | Q25: 7 | R25: =CEILING( ((( E11-E14-E13)*100)/100) + (((E8-E11)*65)/100),1) -> 467
O26: drie of meerpersoonshuishouden 21 tot pensioenger. Leeftijd + gehandic. | Q26: 8 | R26: =CEILING( ((( E11-E14-E13)*100)/100) + (((E8-E11)*65)/100) + (((E5-E8)*40)/100),1) -> 535
O27: drie of meerpersoonshuishoudens pensioenger. leeftijd en ouder | Q27: 9 | R27: =CEILING( ((( E11-E22-E13)*100)/100) + (((E8-E11)*65)/100) + (((E5-E8)*40)/100),1) -> 538

Sheet School
B2: Normen studiefinanciering periode | G2: 2026
C4: HBO / Universiteit | D4: Woonsoort | F4: Basisbeurs | G4: Maximum aanvullende Beurs | H4: Maximum Basislening | I4: Normbudget levenson-derhoud | J4: Boeken & leerm. (art. 26.2.12LI) | K4: Forfaitair bedrag | L4: Collegegeld-krediet | O4: Normen 2006 | P4: Boeken en leerm. 2006
O5: HO
D6: Periode: | F6: 46023 | G6: t/m | H6: 46234
D7: Uitwonend | F7: 324.52 | G7: 491.08 | H7: 315.17 | I7: =SUM(F7:H7) -> 1130.77 | J7: =CEILING(P7+((((I7-O7)/O7)*100)*P7/100),1) -> 80 | K7: =I7-J7 -> 1050.77 | L7: 216.75 | O7: 763.09 | P7: 53.32
D8: Thuiswonend | F8: 130.21 | G8: 491.08 | H8: 315.17 | I8: =SUM(F8:H8) -> 936.46 | J8: =J7 -> 80 | K8: =I8-J8 -> 856.46 | L8: 216.75
D10: Periode: | F10: 46235 | G10: t/m | H10: 46387
D11: Uitwonend | F11: 324.52 | G11: 491.08 | H11: 315.17 | I11: =SUM(F11:H11) -> 1130.77 | J11: =CEILING(P11+((((I11-O11)/O11)*100)*P11/100),1) -> 80 | K11: =I11-J11 -> 1050.77 | L11: 224.5 | O11: 763.09 | P11: 53.32
D12: Thuiswonend | F12: 130.21 | G12: 491.08 | H12: 315.17 | I12: =SUM(F12:H12) -> 936.46 | J12: =J11 -> 80 | K12: =I12-J12 -> 856.46 | L12: 224.5
C14: MBO
D16: Woonsoort | F16: Basisbeurs | G16: Maximum aanvullende Beurs | H16: Maximum Basislening | I16: Normbudget levenson-derhoud | J16: Boeken & leerm. (art. 26.2.12LI) | K16: Forfaitair bedrag | L16: Max bedrag lening Lesgeld
O17: MBO
D18: Periode: | F18: 46023 | G18: t/m | H18: 46234
D19: Uitwonend | F19: 350.03 | G19: 466.4 | H19: 233.65 | I19: =SUM(F19:H19) -> 1050.08 | J19: =J20 -> 70 | K19: =I19-J19 -> 980.08 | L19: 101.33 | O19: 700.8 | P19: 46.63
D20: Thuiswonend | F20: 107.26 | G20: 438.08 | H20: 233.65 | I20: =SUM(F20:H20) -> 778.99 | J20: =CEILING(P20+((((I20-O20)/O20)*100)*P20/100),1) -> 70 | K20: =I20-J20 -> 708.99 | L20: 101.33 | O20: 519.92 | P20: 46.63 | U20: (Tabel) Studiefinanciering
X21: Periode
D22: Periode: | F22: 46235 | G22: t/m | H22: 46387 | S22: 1 | T22: HO | V22: =CEILING(K7,1) -> 1051 | X22: =G6 -> t/m | Y22: t/m | Z22: =H6 -> 46234
D23: Uitwonend | F23: 350.03 | G23: 470.82 | H23: 233.65 | I23: =SUM(F23:H23) -> 1054.5 | J23: =J24 -> 71 | K23: =I23-J23 -> 983.5 | L23: ntb | O23: 700.8 | P23: 46.63 | S23: 2 | T23: HO | V23: =CEILING(K11,1) -> 1051 | X23: =G10 -> t/m | Y23: t/m | Z23: =H10 -> 46387
D24: Thuiswonend | F24: 107.26 | G24: 442.5 | H24: 233.65 | I24: =SUM(F24:H24) -> 783.41 | J24: =CEILING(P24+((((I24-O24)/O24)*100)*P24/100),1) -> 71 | K24: =I24-J24 -> 712.41 | L24: ntb | O24: 519.92 | P24: 46.63 | S24: 3 | T24: MBO uitw | V24: =CEILING(K19,1) -> 981 | X24: =F18 -> 46023 | Y24: t/m | Z24: =H18 -> 46234
S25: 4 | T25: MBO thuisw | V25: =CEILING(K20,1) -> 709 | X25: =F18 -> 46023 | Y25: t/m | Z25: =H18 -> 46234
S26: 5 | T26: MBO uitw | V26: =CEILING(K23,1) -> 984 | X26: =F22 -> 46235 | Y26: t/m | Z26: =H22 -> 46387
D27: Toeslag eenoudergezin | F27: 327.15 | J27: Formule boeken en leermiddelen: | S27: 6 | T27: MBO thuisw | V27: =CEILING(K24,1) -> 713 | X27: =F22 -> 46235 | Y27: t/m | Z27: =H22 -> 46387
K28: Bedrag boeken en leerm. 2006 + (((huidige norm - norm 2006) x 100) x (bedrag b&l 2006/100) | S28: 7 | T28: Eénoudertoeslag | V28: =CEILING(F27,1) -> 328 | X28: =F22 -> 46235 | Y28: t/m | Z28: =H10 -> 46387

Sheet Kosten
B2: =Participatiewet!E2 -> 46023
B4: Kosten Kostenwet Invordering Rijksbelastingen
B5: Artikel | C5: Onderdeel | E5: Bedrag
C6: Grensbedrag hoge/lage aanmaningskosten | E6: 454
B7: artikel 2 | C7: Aanmaning Lage kosten (< € 454) | E7: 10 | H7: (Tabel)
C8: Aanmaning hoge kosten (≥ € 454) | E8: 22 | H8: Beheren Kosten
B9: artikel 3 eerste lid | C9: Betekenen dwangbevel | E9: 56
C10: Elk geheel bedrag van | E10: 45 | H10: 1 | I10: =E6 -> 454
C11: plus voor elk geheel bedrag van € 45 waarmee de gevorderde som van € 45 te boven gaat | E11: 5 | H11: 2 | I11: =E7 -> 10
C12: met een maximum van | E12: 16524 | H12: 3 | I12: =E8 -> 22
B13: artikel 3 tweede lid | C13: Doen van een ander exploot dan betekenen dwangbevel | E13: 22 | H13: 4 | I13: =E9 -> 56
B14: artikel 3 derde lid | C14: Afgeven kwitantie | E14: 22 | H14: 5 | I14: =E10 -> 45
B15: artikel 3 vierde lid | C15: Voor "gezien" doen betekenen van een exploot of ander stuk | E15: 5 | H15: 6 | I15: =E11 -> 5
B16: artikel 4 eerste lid | C16: In beslag nemen of opmaken proces verbaal | E16: 78 | H16: 7 | I16: =E12 -> 16524
C17: Verkopen en opmaken proces verbaal van verkoop | E17: 100 | H17: 8 | I17: =E10 -> 45
C18: Na vier uren voor elk uur of deel er van | E18: 22 | H18: 9 | I18: =E25 -> 50
C19: Aanplakken verkoop | E19: 39 | H19: 10 | I19: =E26 -> 6709
B20: artikel 4 tweede lid | C20: Opmaken ander proces verbaal | E20: 22
B21: artikel 4 derde lid | C21: Getuigenloon per uur of gedeelte er van | E21: 7
B24: Boetebedragen betaalverzuimboete
B25: IW art 63b | C25: Minimumbedrag boete | E25: 50
B26: IW art 63b | C26: Maximumbedrag boete | E26: 6709

Sheet KGB
B2: Normen wet Kindgebonden budget per | G2: =Participatiewet!E2 -> 46023
B4: (Tabel) Kindgebonden budget
G5: Normbedragen KGB
C6: Art. 2 | D6: 1 kind | F6: lid 2 sub a | G6: 2508
D7: Voor ieder volgend kind | F7: lid 2 sub b | G7: 2508
D8: Per kind >= 12 < 16 | F8: lid 4 | G8: 703 | K8: Let op! Lid 2 sub c en d zijn vervallen. Dit betekent ook een aanpassing in de IV!
D9: Per kind >= 16 < 18 | F9: lid 5 | G9: 936 | K9: De berekening moet hierop aangepast worden
D10: Ouder zonder partner | F10: lid 6 | G10: 3320
